Folder,Name,MyPrice,AmazonPrice,Details
airpods-pro,AirPods Pro (2nd Generation),149.99,249.99,"Apple AirPods Pro with MagSafe charging case. Active noise cancellation, transparency mode, spatial audio. Used for 3 months, excellent condition."
kindle-paperwhite,Kindle Paperwhite (11th Gen),89.99,149.99,"Kindle Paperwhite with 6.8 inch display and adjustable warm light. 8GB storage, waterproof. Includes original USB-C cable and box."
echo-dot,Echo Dot (5th Gen) with Clock,24.99,59.99,"Amazon Echo Dot smart speaker with LED clock display. Charcoal color. Works perfectly, factory reset and ready to go."
echodot2,echodot2,12,1223,"Amazon Echo Dot smart speaker with LED clock display. Charcoal color. Works perfectly, factory reset and ready to go."
BigDildo,BigDildo,40,99.99,"About this item

Multiple Functional Thrusting Sex Machine?This all-in-one sex toys machine set includes: 1x Realistic Dildo, 1x Vibrating Dildo, 1x Anal Butt Plug, 1x Bracket, 1x Universal suction cup, 1x Stable Suction Cup Base, and 1x remote control. Our Adult Toys machine with 9 thrust modes, 9 vibration modes, and heating function can provide you with a hands-free and deep impact experience,so this fucking machine very suitable for man or women (Note: Only the Large vibrating dildo supports heating and vibration functions).

Multi-Speed Motor & Suction Base?Engineered for stability and intensity, this powerful thrusting vibrator features a 180° adjustable angle to hit every sweet spot. The suction dildo base is incredibly firm, adhering to any smooth surface for vigorous sessions or detach the suction cup and enjoy it as a handheld vibrator. Use the intuitive remote control to seamlessly switch between modes, making it the perfect sex toy for couples looking to enhance their bedroom repertoire with a reliable dildo machine.

Wireless & Realistic Design?This dildo machine features a wireless design, completely freeing you from cable constraints.Enjoy unrestricted experiences wherever you desire bedroom, sofa, hotel room or on the go. Our sex toys for women and men feature an upgraded aesthetic with a focus on realism. The realistic dildo and big dildo attachments are crafted to provide life-like sensations. The universal suction cup connector is compatible with most standard suction cup dildos on the market, offering endless DIY possibilities for your adult toy collection.

Skin-Friendly Material?All adult toys in this kit are made from high-quality, body-safe silicone that is gentle on skin. Designed for targeted stimulation, the thrusting dildo and anal plug are perfect for both vaginal and anal play. Whether you are a beginner or a pro, this vibrator for women and men delivers precise pressure to the G-spot or prostate for explosive climaxes.

USB Rechargeable & IPX7 Waterproof?This sex toy is fully USB rechargeable (Fully charged for about 2 hours, can be used for one hour). The dildo attachments are IPX7 waterproof, ensuring they are easy to clean with warm water and soap after every use. Perfect for use in the bedroom or shower, this thrusting vibrator ensures a hygienic and convenient experience every time. personal exploration."
